City,Lat,Lng,Max temp,Humidity,Cloudiness,Wind Speed,Country,Date
San Quintín,30.4833,-115.95,59.14,51,5,5.79,MX,1610605952
Atuona,-9.8,-139.0333,77.54,78,42,11.34,PF,1610605822
Sirpur,19.4833,79.6,84.4,20,0,3.85,IN,1610605954
Codrington,-38.2667,141.9667,58.91,64,96,15.48,AU,1610605955
Bengkulu,-3.8004,102.2655,84.92,61,100,7.25,ID,1610605957
Balyqshy,47.0667,51.8667,26.6,74,99,29.08,KZ,1610605958
George Town,5.4112,100.3354,87.8,58,20,3.44,MY,1610605874
Ushuaia,-54.8,-68.3,51.8,71,75,3.44,AR,1610605794
Busselton,-33.65,115.3333,82.0,35,49,1.01,AU,1610605850
Hilo,19.7297,-155.09,71.6,78,1,3.44,US,1610605769
Thompson,55.7435,-97.8558,26.6,100,90,3.44,CA,1610605767
Bilma,18.6853,12.9164,61.05,44,94,14.94,NE,1610605967
Preobrazheniye,42.9019,133.9064,18.77,75,0,9.31,RU,1610605968
Vaini,-21.2,-175.2,80.6,94,75,5.75,TO,1610605847
Kisangani,0.5167,25.2,81.77,64,94,2.15,CD,1610605970
Airai,-8.9266,125.4092,70.56,99,100,1.25,TL,1610605938
Perth,-31.9333,115.8333,90.0,25,0,20.71,AU,1610605760
Torbay,47.6666,-52.7314,32.0,93,90,11.5,CA,1610605780
Eyemouth,55.8713,-2.0901,32.0,96,100,13.29,GB,1610605974
Pontianak,-0.0333,109.3333,84.2,74,75,8.05,ID,1610605976
Praia da Vitória,38.7333,-27.0667,62.6,94,75,20.96,PT,1610605977
Saint-Joseph,-21.3667,55.6167,86.0,70,0,5.75,RE,1610605978
Punta Arenas,-53.15,-70.9167,50.0,87,90,16.11,CL,1610605533
Genhe,50.7833,121.5167,-10.34,84,88,2.84,CN,1610605981
Vao,-22.6667,167.4833,77.59,85,100,19.01,NC,1610605934
Severo-Kuril'sk,50.6789,156.125,21.36,84,100,9.15,RU,1610605893
Port Alfred,-33.5906,26.891,66.99,97,100,5.01,ZA,1610605845
Naze,28.3667,129.4833,64.4,52,75,9.22,JP,1610605986
Ilebo,-4.3167,20.5833,75.33,85,100,4.56,CD,1610605987
Barrow,71.2906,-156.7887,-11.2,77,1,11.5,US,1610605829
Husavik,66.0449,-17.3389,35.6,87,0,8.05,IS,1610605991
Tierralta,8.1736,-76.0592,75.38,89,100,4.0,CO,1610605992
Soskovo,52.7475,35.3828,9.23,96,70,7.34,RU,1610605995
Lebyazh'ye,55.2689,66.4947,-15.14,86,0,4.81,RU,1610605996
Albany,42.6001,-73.9662,32.0,71,100,2.55,US,1610605684
Tiksi,71.6872,128.8694,-35.05,84,78,3.24,RU,1610605894
Angarsk,52.5367,103.8864,-5.8,65,0,0.47,RU,1610605999
Ust'-Kishert',57.3654,57.2495,-3.91,89,100,5.75,RU,1610606001
Kiryat Gat,31.61,34.7642,59.0,100,3,5.01,IL,1610606002
Evensk,61.95,159.2333,-20.06,73,16,5.97,RU,1610606004
Avarua,-21.2078,-159.775,80.6,83,90,10.36,CK,1610605820
Beringovskiy,63.05,179.3167,-12.68,88,96,7.63,RU,1610606006
Padang,-0.9492,100.3543,87.71,52,5,5.57,ID,1610606067
Gamba,-2.65,10.0,73.99,90,96,4.63,GA,1610606068
New Norfolk,-42.7826,147.0587,64.99,49,81,3.0,AU,1610605939
San Patricio,28.017,-97.5169,46.99,93,1,5.75,US,1610606070
Hermanus,-34.4187,19.2345,72.0,84,83,5.01,ZA,1610605786
Cape Town,-33.9258,18.4232,75.99,73,0,4.61,ZA,1610605542
San Vicente,-26.6167,-54.1333,67.46,92,7,4.21,AR,1610606073
Guerrero Negro,27.9769,-114.0611,56.61,46,0,1.07,MX,1610605852
Novikovo,51.1537,37.8879,17.8,97,99,7.94,RU,1610606076
Alzamay,55.5562,98.6644,2.86,88,100,14.0,RU,1610606077
Bobrovka,54.047,61.7455,-14.48,86,2,4.65,RU,1610606078
Smirnykh,49.75,142.8333,1.24,90,100,11.03,RU,1610606079
Grand Gaube,-20.0064,57.6608,84.0,70,32,7.0,MU,1610605915
Kapaa,22.0752,-159.319,69.8,88,90,13.8,US,1610605816
Jumla,29.2747,82.1838,64.58,19,0,5.73,NP,1610606082
Naples,40.8333,14.25,48.99,81,75,1.14,IT,1610605869
Souillac,-20.5167,57.5167,84.2,70,40,11.5,MU,1610606085
Aykhal,66.0,111.5,-26.7,83,100,10.8,RU,1610605795
Ponta Delgada,37.7333,-25.6667,61.0,94,75,8.05,PT,1610606087
Mataura,-46.1927,168.8643,59.0,94,1,10.0,NZ,1610605784
Karpathos,35.507,27.2132,53.6,82,75,12.66,GR,1610606089
Srednekolymsk,67.45,153.6833,-17.23,88,100,5.5,RU,1610606090
Springfield,37.2153,-93.2982,45.0,57,1,14.97,US,1610605902
Mana,5.6592,-53.7767,76.48,86,94,9.57,GF,1610606092
Flin Flon,54.7682,-101.865,25.25,98,100,14.7,CA,1610606094
Saint Paul Harbor,57.79,-152.4072,30.2,93,90,5.75,US,1610605770
Plettenberg Bay,-34.0527,23.3716,75.76,71,0,10.51,ZA,1610606096
Arraial do Cabo,-22.9661,-42.0278,75.2,89,97,19.75,BR,1610606097
Yulara,-25.2406,130.9889,107.6,10,40,5.75,AU,1610606098
Lagoa,39.05,-27.9833,61.79,87,99,13.47,PT,1610606099
Vanimo,-2.6741,141.3028,84.02,76,100,9.44,PG,1610606100
Aranos,-24.1333,19.1167,77.72,59,31,4.92,NA,1610606102
Makakilo City,21.3469,-158.0858,77.0,73,90,8.05,US,1610606019
Katsuura,35.1333,140.3,57.99,62,20,6.91,JP,1610606104
La Ronge,55.1001,-105.2842,30.2,74,100,13.8,CA,1610605902
Tasiilaq,65.6145,-37.6368,35.6,64,75,11.86,GL,1610605867
Rikitea,-23.1203,-134.9692,77.72,75,83,12.19,PF,1610605771
Kazygurt,41.7589,69.3864,42.8,70,5,4.61,KZ,1610606110
Urucará,-2.5364,-57.76,72.28,96,88,1.66,BR,1610606111
Cherskiy,68.75,161.3,-26.14,85,98,3.06,RU,1610605889
Ponta do Sol,32.6667,-17.1,57.2,67,40,10.36,PT,1610606012
Oranjemund,-28.55,16.4333,68.77,77,49,7.54,NA,1610606114
Tautira,-17.7333,-149.15,82.0,74,40,3.44,PF,1610606116
Carnarvon,-24.8667,113.6333,87.8,62,35,17.27,AU,1610605779
San Andrés,12.5847,-81.7006,80.6,78,75,8.05,CO,1610606042
Khatanga,71.9667,102.5,-41.73,80,92,10.85,RU,1610606119
Pavlodar,52.3,76.95,-5.8,77,75,8.95,KZ,1610606120
Sangar,63.9242,127.4739,-45.17,77,5,4.81,RU,1610606121
Puerto Madero,14.7208,-92.4215,77.41,74,0,4.99,MX,1610606122
Northam,51.0333,-4.2167,50.0,100,100,18.99,GB,1610606183
Nikolskoye,59.7035,30.7861,9.0,78,40,6.71,RU,1610606184
Kaitangata,-46.2817,169.8464,60.01,88,4,8.01,NZ,1610605768
Jamestown,42.097,-79.2353,37.0,80,1,9.22,US,1610605893
Ribeira Grande,38.5167,-28.7,62.98,86,99,20.4,PT,1610606188
Xiazhen,34.8022,117.1117,57.07,38,0,11.01,CN,1610606189
Ifanadiana,-21.3,47.6333,88.29,48,0,3.74,MG,1610606040
Frederico Westphalen,-27.3592,-53.3944,68.0,90,3,7.23,BR,1610605933
Puerto Ayora,-0.7393,-90.3518,73.99,96,68,4.0,EC,1610605854
Vágur,61.4732,-6.8119,41.54,82,100,23.44,FO,1610606193
Sály,47.95,20.6667,30.69,96,100,8.55,HU,1610606194
Calabozo,8.9242,-67.4293,72.59,71,99,6.31,VE,1610606195
Ulety,51.3572,112.4849,-1.44,83,76,7.74,RU,1610606197
Yellowknife,62.456,-114.3525,7.0,85,40,8.05,CA,1610605869
Mahébourg,-20.4081,57.7,84.2,70,40,11.5,MU,1610605835
Amga,60.8953,131.9608,-43.44,77,53,1.16,RU,1610606200
Gonder,12.6,37.4667,67.42,30,86,2.64,ET,1610606201
The Valley,18.217,-63.0578,77.0,78,20,6.91,AI,1610605941
Bosaso,11.2842,49.1816,76.46,57,0,4.88,SO,1610606203
Omboué,-1.5746,9.2618,73.38,93,100,5.14,GA,1610606204
Castro,-24.7911,-50.0119,64.85,94,100,9.26,BR,1610606205
Garissa,-0.4536,39.6401,82.0,58,9,7.52,KE,1610606206
Chapais,49.7834,-74.8492,24.8,93,90,4.61,CA,1610605965
Longyearbyen,78.2186,15.6401,21.2,73,75,8.05,SJ,1610605799
Chui,-33.6971,-53.4616,60.19,69,0,5.84,UY,1610605814
Mnogovershinnyy,53.9353,139.9242,-14.66,89,100,2.75,RU,1610606211
Jaqué,7.5175,-78.1703,76.84,83,100,3.42,PA,1610606212
East London,-33.0153,27.9116,69.8,100,90,11.5,ZA,1610605940
Sterling,39.0062,-77.4286,30.0,93,1,1.99,US,1610605978
Paraná,-31.732,-60.5238,71.01,58,0,1.99,AR,1610606215
Bluff,-46.6,168.3333,59.0,94,2,10.0,NZ,1610605818
Hualmay,-11.0964,-77.6139,70.29,88,100,8.75,PE,1610606218
Warri,5.5167,5.75,78.08,86,0,1.88,NG,1610606220
Butaritari,3.0707,172.7902,81.45,80,96,18.68,KI,1610606221
Cabo San Lucas,22.8909,-109.9124,55.99,70,13,1.99,MX,1610605648
Boshnyakovo,49.6333,142.1667,-0.45,94,100,15.95,RU,1610606223
Carballo,43.213,-8.691,44.6,81,90,5.75,ES,1610606224
Gushikawa,26.3544,127.8686,69.8,49,75,13.8,JP,1610606225
Syracuse,37.0881,15.2792,48.2,93,0,12.66,IT,1610606227
Parsons,37.3403,-95.2611,45.0,57,1,11.5,US,1610606228
Lata,40.1629,-8.3327,46.4,81,75,5.75,PT,1610606229
Cidreira,-30.1811,-50.2056,70.93,67,69,14.58,BR,1610605900
Bredasdorp,-34.5322,20.0403,68.0,88,95,12.66,ZA,1610605909
Henties Bay,-22.116,14.2845,69.01,86,91,6.13,NA,1610606233
Havøysund,70.9963,24.6622,33.8,100,75,16.11,NO,1610606234
Wenatchee,47.4235,-120.3103,37.0,75,1,8.05,US,1610606008
Paulo Afonso,-9.4061,-38.2147,72.05,80,69,4.83,BR,1610606159
Denizli Province,37.8402,29.0698,33.8,93,90,6.91,TR,1610606237
Mehamn,71.0357,27.8492,30.2,86,90,18.41,NO,1610606300
Sobolevo,54.4299,31.8996,7.5,94,93,8.48,RU,1610606301
Iquitos,-3.7481,-73.2472,77.0,94,75,3.44,PE,1610606302
Mar del Plata,-38.0023,-57.5575,64.99,59,0,8.05,AR,1610605805
Saint-Philippe,-21.3585,55.7679,86.0,70,0,5.75,RE,1610606304
Norman Wells,65.282,-126.8329,1.4,85,90,4.61,CA,1610606305
Moranbah,-22.0016,148.0466,88.48,29,77,17.81,AU,1610606306
Lermontovka,47.1453,134.3383,1.87,90,92,5.37,RU,1610606307
Lake Havasu City,34.4839,-114.3224,57.2,17,1,5.86,US,1610606098
Khuzdar,27.7384,66.6434,66.06,17,100,1.92,PK,1610606309
Pevek,69.7008,170.3133,-15.25,90,99,2.64,RU,1610606212
Laguna,38.421,-121.4238,54.0,82,1,9.22,US,1610606312
Nabire,-3.3667,135.4833,86.2,66,82,3.0,ID,1610606195
Bethel,41.3712,-73.414,34.0,86,90,3.53,US,1610606314
Lebu,-37.6167,-73.65,52.65,88,4,14.74,CL,1610606241
Salalah,17.0151,54.0924,80.6,18,0,12.66,OM,1610606316
Broome,42.2506,-75.833,30.2,80,20,5.75,US,1610606317
Caracollo,-14.9165,-70.6603,45.18,79,100,2.35,PE,1610606318
Marsabit,2.3284,37.9899,72.73,49,0,13.8,KE,1610606321
Banda Aceh,5.5577,95.3222,82.94,76,99,11.16,ID,1610606287
Suining,30.508,105.5733,54.99,39,0,4.07,CN,1610606324
Saldanha,-33.0117,17.9442,66.2,71,0,17.27,ZA,1610605790
Hasaki,35.7333,140.8333,59.0,38,0,6.91,JP,1610606327
Samarai,-10.6167,150.6667,84.56,73,100,1.3,PG,1610606328
Meulaboh,4.1363,96.1285,85.21,59,17,7.34,ID,1610606329
Abu Kamal,34.4506,40.9171,58.59,49,100,7.07,SY,1610606330
Bambous Virieux,-20.3428,57.7575,84.2,70,40,11.5,MU,1610605904
Barão de Melgaço,-16.1944,-55.9675,77.0,94,40,0.51,BR,1610606333
Vila Franca do Campo,37.7167,-25.4333,61.0,94,75,8.05,PT,1610605797
Impfondo,1.6381,18.0667,79.59,68,11,5.97,CG,1610606335
Tagusao,9.1924,117.8141,82.29,77,99,9.28,PH,1610606336
Tuktoyaktuk,69.4541,-133.0374,-9.4,77,90,2.1,CA,1610605878
Walvis Bay,-22.9575,14.5053,69.01,83,100,6.91,NA,1610605859
Dezhou,37.4486,116.2925,49.89,46,98,7.0,CN,1610606339
Zeya,53.75,127.2667,-12.73,85,38,2.39,RU,1610606340
Marzuq,14.4,46.4667,66.09,27,0,3.94,YE,1610606336
Kovdor,67.5662,30.4758,-7.6,90,100,3.74,RU,1610606343
Potsdam,52.3989,13.0657,35.01,96,33,8.97,DE,1610606344
Biking,9.5938,123.843,84.2,79,90,4.61,PH,1610606345
Sabha,27.0377,14.4283,45.82,55,0,5.03,LY,1610606346
Thinadhoo,0.5333,72.9333,82.17,76,100,20.02,MV,1610606347
Piaçabuçu,-10.4056,-36.4344,76.1,81,99,7.52,BR,1610606348
Lorengau,-2.0226,147.2712,85.32,67,53,9.46,PG,1610606349
Erenhot,43.6475,111.9767,13.05,94,87,10.16,CN,1610606350
Dillon,34.4166,-79.3712,43.0,94,26,4.0,US,1610606351
Boma,7.0805,-2.1697,70.12,93,13,1.74,GH,1610606353
Iskateley,67.6803,53.1512,-10.32,86,94,11.56,RU,1610606414
Hay River,60.8156,-115.7999,15.8,86,100,16.11,CA,1610606415
Nanortalik,60.1432,-45.2371,28.11,94,100,9.44,GL,1610605849
Tilichiki,60.4667,166.1,-24.7,85,0,7.47,RU,1610606417
Assiut,27.181,31.1837,61.59,41,100,15.01,EG,1610606418
Port Elizabeth,-33.918,25.5701,68.0,100,90,12.66,ZA,1610605865
Tuatapere,-46.1333,167.6833,59.0,94,4,10.0,NZ,1610605827
Sinjai,-5.1241,120.253,86.59,70,100,2.68,ID,1610606421
Aba,5.1066,7.3667,69.8,100,40,0.4,NG,1610606423
Quatre Cocos,-20.2078,57.7625,84.2,70,40,11.5,MU,1610606424
Port Hedland,-20.3167,118.5667,109.4,24,17,14.97,AU,1610606302
Tabou,4.423,-7.3528,76.3,85,100,4.09,CI,1610606426
Vestmannaeyjar,63.4427,-20.2734,41.0,81,0,13.8,IS,1610606427
Río Gallegos,-51.6226,-69.2181,48.2,76,40,5.75,AR,1610606428
Freeport,40.6576,-73.5832,39.99,75,90,3.44,US,1610606354
Karratha,-20.7377,116.8463,107.1,18,0,13.24,AU,1610606198
Havre-St-Pierre,50.2334,-63.5986,21.2,93,90,6.91,CA,1610606431
Labuan,5.2767,115.2417,80.6,83,20,4.61,MY,1610606432
Ola,59.5833,151.2833,-11.33,80,15,9.08,RU,1610606434
Kamaishi,39.2667,141.8833,33.8,60,40,16.11,JP,1610606435
Dikson,73.5069,80.5464,-28.3,81,0,5.68,RU,1610606206
Ilulissat,69.2167,-51.1,24.8,80,90,5.75,GL,1610606380
Morón,-34.6534,-58.6198,69.01,66,0,8.01,AR,1610606439
Altay,47.8667,88.1167,-0.47,85,58,1.36,CN,1610606442
Ahipara,-35.1667,173.1667,68.7,80,38,7.43,NZ,1610606443
Tacuarembó,-31.7333,-55.9833,56.55,84,0,10.09,UY,1610606445
Katiuzhanka,50.806,30.1376,26.6,100,90,2.24,UA,1610606446
Bima,-8.4667,118.7167,90.95,57,13,1.36,ID,1610606447
College,64.8569,-147.8028,-7.6,71,40,1.95,US,1610606448
Ropczyce,50.0523,21.6089,32.0,100,90,2.89,PL,1610606450
Great Malvern,52.1116,-2.3252,50.0,93,100,1.99,GB,1610606451
Şabyā,17.1495,42.6254,77.0,78,20,11.5,SA,1610606453
Mastic Beach,40.7668,-72.8521,37.0,80,90,8.95,US,1610606455
Tomatlán,19.9333,-105.25,63.5,69,100,3.18,MX,1610606456
Ancud,-41.8697,-73.8203,46.99,93,0,2.59,CL,1610606194
Upington,-28.4478,21.2561,78.8,61,100,10.36,ZA,1610606458
Caravelas,-17.7125,-39.2481,72.21,90,0,2.01,BR,1610606237
Port Blair,11.6667,92.75,81.72,62,31,11.74,IN,1610606191
Kajaani,64.2273,27.7285,-18.4,76,0,1.14,FI,1610606461
Miguel Hidalgo,19.4225,-99.2028,57.2,51,75,5.75,MX,1610606301
Manggar,-2.8833,108.2667,77.05,89,100,7.45,ID,1610606464
Killybegs,54.6333,-8.45,44.01,94,100,5.01,IE,1610606465
Bandarbeyla,9.4942,50.8122,76.8,67,1,20.67,SO,1610606466
Namanga,-2.5433,36.7905,73.76,47,50,7.56,KE,1610606467
Vilhena,-12.7406,-60.1458,69.03,98,100,0.98,BR,1610606468
Abhā,18.2164,42.5053,57.2,62,0,9.22,SA,1610606529
Daud Khel,32.875,71.5701,67.71,22,100,3.0,PK,1610606530
Faanui,-16.4833,-151.75,81.23,76,39,15.86,PF,1610606313
Panara,22.0667,78.55,79.0,20,78,3.31,IN,1610606534
Tegul'det,57.3064,88.1667,-4.72,90,100,13.8,RU,1610606535
Hobart,-42.8794,147.3294,66.2,59,75,12.66,AU,1610606483
Bathsheba,13.2167,-59.5167,77.0,73,20,21.85,BB,1610606381
Pueblo Nuevo,23.3833,-105.3833,43.39,55,55,6.87,MX,1610606542
Clyde River,70.4692,-68.5914,-4.0,84,90,6.91,CA,1610606413
Erdenet,49.0333,104.0833,-2.67,87,74,2.64,MN,1610606544
Liberal,37.0431,-100.921,42.8,56,1,10.36,US,1610606545
Chincha Alta,-13.4099,-76.1323,68.0,83,0,10.36,PE,1610606546
Coquimbo,-29.9533,-71.3436,55.4,94,20,4.61,CL,1610606547
Qaanaaq,77.484,-69.3632,-2.13,75,0,3.76,GL,1610606549
Kahului,20.8947,-156.47,75.2,69,1,5.75,US,1610606550
Herat Province,34.5,62.0,44.6,29,20,4.12,AF,1610606551
Nome,64.5011,-165.4064,17.6,86,90,11.5,US,1610606552
Dombarovskiy,50.7587,59.5386,-5.37,90,68,16.17,RU,1610606553
Wasilla,61.5814,-149.4394,30.99,54,90,13.8,US,1610606554
Hithadhoo,-0.6,73.0833,82.02,76,56,21.77,MV,1610606555
San Juan,-31.5375,-68.5364,75.72,58,0,10.67,AR,1610606556
Faya,18.3851,42.4509,57.2,62,0,9.22,SA,1610606559
Merauke,-8.4667,140.3333,85.57,72,100,11.83,ID,1610606560
Amapá,1.0,-52.0,71.06,98,47,2.04,BR,1610606561
Porto Velho,-8.7619,-63.9039,75.2,94,75,4.61,BR,1610606562
Vila,42.0304,-8.1588,45.0,93,90,4.61,PT,1610606563
Araouane,18.9048,-3.5265,59.23,31,0,11.56,ML,1610606564
Longhua,23.6137,114.1919,75.99,16,0,2.64,CN,1610606566
Changli,39.7042,119.1506,39.0,81,100,11.81,CN,1610606568
Qaqortoq,60.7167,-46.0333,26.6,86,75,5.75,GL,1610606569
Tambopata,-12.7333,-69.1833,72.52,99,100,1.97,PE,1610606570
Lodja,-3.4833,23.4333,77.16,73,100,2.26,CD,1610606571
Tulun,54.5611,100.5792,3.58,88,100,9.71,RU,1610606572
Vrangel',42.7297,133.0839,19.36,77,0,12.75,RU,1610606573
Kamenka,51.3223,42.7678,32.0,97,100,17.54,RU,1610606574
Pangnirtung,66.1451,-65.7125,-4.36,76,100,0.58,CA,1610606576
São Filipe,14.8961,-24.4956,71.01,71,50,14.81,CV,1610606446
Otradnoye,59.7775,30.8181,9.0,78,40,6.71,RU,1610606578
San Antonio,29.4241,-98.4936,48.2,57,1,3.44,US,1610606494
Antofagasta,-23.65,-70.4,64.4,77,90,5.75,CL,1610606580
Gilgit,35.9221,74.3087,40.06,39,0,1.3,PK,1610606581
Ulaanbaatar,47.9077,106.8832,-4.0,59,57,4.47,MN,1610606582
Dudinka,69.4058,86.1778,-35.1,81,0,10.67,RU,1610606584
Upernavik,72.7868,-56.1549,12.94,95,100,11.88,GL,1610606517
Talnakh,69.4865,88.3972,-29.63,77,1,7.4,RU,1610606647
Longkou,37.6508,120.3286,41.68,78,0,17.2,CN,1610606648
Belmonte,-15.8631,-38.8828,75.2,88,75,3.44,BR,1610606573
Saint-Augustin,51.226,-58.6502,19.94,94,100,4.72,CA,1610606650
Poum,-20.2333,164.0167,79.03,88,100,15.26,NC,1610606366
Tokonou,9.65,-9.7833,60.55,44,81,2.37,GN,1610606652
Atbasar,51.8,68.3333,-10.64,86,0,7.36,KZ,1610606653
Aripuanã,-9.1667,-60.6333,72.27,99,100,0.72,BR,1610606540
Mahenge,-8.6833,36.7167,68.02,100,97,2.21,TZ,1610606655
Takoradze,4.8845,-1.7554,77.99,87,1,5.86,GH,1610606656
Oussouye,12.485,-16.5469,69.8,64,0,9.22,SN,1610606658
Mogadishu,2.0371,45.3438,80.37,67,27,19.6,SO,1610606659
San Cristobal,7.7669,-72.225,62.6,82,98,2.82,VE,1610606268
Tripoli,32.8752,13.1875,57.47,69,76,15.08,LY,1610606661
Weiser,44.251,-116.9693,33.8,69,1,3.44,US,1610606662
Berlevåg,70.8578,29.0864,28.4,74,75,21.85,NO,1610606663
Coolum Beach,-26.5333,153.1,82.0,68,0,1.99,AU,1610606664
Nhulunbuy,-12.2333,136.7667,84.2,74,75,5.75,AU,1610606665
Tapes,-30.6733,-51.3958,69.64,71,69,12.48,BR,1610606667
Puerto del Rosario,28.5004,-13.8627,62.6,67,40,13.8,ES,1610606668
Chopovychi,50.8332,28.9533,23.88,98,88,4.43,UA,1610606669
Mount Darwin,-16.7725,31.5838,70.21,87,98,4.94,ZW,1610606670
Saint George,37.1041,-113.5841,37.4,28,1,3.44,US,1610606486
Mandurah,-32.55,115.7,90.0,25,57,19.57,AU,1610606625
Bela Vista,-22.1089,-56.5211,74.12,91,100,2.3,BR,1610606675
Podgornoye,51.735,39.1496,24.8,93,90,8.95,RU,1610606676
Muroto-misakicho,33.2833,134.15,60.8,39,20,2.3,JP,1610606677
Lamu,-2.2717,40.902,79.99,76,100,10.11,KE,1610606678
Grande Prairie,55.1667,-118.8027,28.4,59,20,16.11,CA,1610606566
Vanavara,60.34,102.2797,-1.91,90,100,13.51,RU,1610606680
Ventersburg,-28.0856,27.1381,72.14,59,61,12.77,ZA,1610606681
Tual,-5.6667,132.75,83.08,75,100,7.9,ID,1610606501
Batagay-Alyta,67.8006,130.4114,-39.5,71,4,1.32,RU,1610606685
Shache,38.4167,77.2406,53.74,26,0,1.19,CN,1610606490
Samfya,-11.3649,29.5565,69.94,87,100,7.7,ZM,1610606688
Antalaha,-14.9003,50.2788,85.05,69,21,6.42,MG,1610606689
Kapit,2.0167,112.9333,78.35,84,100,4.21,MY,1610606690
Inírida,3.8653,-67.9239,72.27,97,100,2.33,CO,1610606691
Mēga,4.05,38.3,71.69,28,0,19.28,ET,1610606692
Isselburg,51.8333,6.4667,35.01,71,100,4.81,DE,1610606693
Anadyr,64.75,177.4833,-5.8,77,40,8.95,RU,1610606695
Tocopilla,-22.092,-70.1979,65.43,68,61,3.94,CL,1610606513
Illela,13.7292,5.2975,66.36,25,12,13.11,NG,1610606697
Várzea Alegre,-5.35,-40.3833,71.26,91,52,3.47,BR,1610606659
Havelock,34.8791,-76.9013,48.0,93,100,1.99,US,1610606465
Deputatsky,69.3,139.9,-31.16,85,100,1.7,RU,1610606229
Yerbogachën,61.2767,108.0108,-10.39,89,100,11.88,RU,1610606262
Algiers,36.7525,3.042,37.4,100,20,5.75,DZ,1610606712
Arada,14.85,-88.3,66.2,89,70,1.39,HN,1610606765
Aksay,47.26,39.87,30.99,86,75,8.95,RU,1610606766
Ostrovnoy,68.0531,39.5131,2.84,93,74,23.62,RU,1610606651
Cedar Lake,41.3648,-87.4411,36.0,86,1,8.05,US,1610606768
Port Said,31.2565,32.2841,59.0,82,40,12.66,EG,1610606770
Saint Anthony,45.0205,-93.218,34.0,86,1,5.75,US,1610606771
Marabu,4.4148,114.0089,82.4,83,40,5.75,MY,1610606772
Sovetskiy,61.3614,63.5842,-7.87,86,0,6.24,RU,1610606773
Saskylakh,71.9167,114.0833,-46.91,75,47,8.03,RU,1610606774
Nokaneng,-19.6667,22.2667,77.49,69,13,9.6,BW,1610606775
Payo,-3.7508,103.6372,85.98,62,100,5.26,ID,1610606777
Poya,-21.35,165.15,76.73,91,100,4.52,NC,1610606442
Chokurdakh,70.6333,147.9167,-17.79,88,100,8.81,RU,1610606780
Mmabatho,-25.85,25.6333,73.4,68,40,13.8,ZA,1610606781
Butembo,0.15,29.2833,65.79,84,90,2.19,CD,1610606782
Tres Arroyos,-38.3739,-60.2798,59.02,46,0,12.66,AR,1610606783
Nemuro,43.3236,145.575,32.0,40,20,12.66,JP,1610606597
Leningradskiy,69.3833,178.4167,-3.28,91,100,2.33,RU,1610606512
Lázaro Cárdenas,17.9583,-102.2,75.4,57,51,3.02,MX,1610606786
Pedersore,63.65,22.6833,-13.0,77,0,4.61,FI,1610606787
Iqaluit,63.7506,-68.5145,-16.01,76,1,6.91,CA,1610606789
Provideniya,64.3833,-173.3,1.08,91,100,5.95,RU,1610606441
Grindavik,63.8424,-22.4338,39.2,81,20,13.8,IS,1610606791
Goderich,43.7501,-81.7165,37.4,81,100,5.75,CA,1610606488
Kaseda-shirakame,31.4167,130.3167,59.0,55,20,4.61,JP,1610606793
Bilibino,68.0546,166.4372,-22.4,83,77,2.3,RU,1610606559
Flinders,-34.5833,150.8552,84.0,68,0,7.0,AU,1610606621
Wyndham,37.6985,-77.6125,37.99,69,1,8.05,US,1610606797
Antalya Province,36.7741,30.7178,55.0,76,75,2.3,TR,1610606590
Bisauli,28.3167,78.9333,66.31,33,0,3.04,IN,1610606799
Port Shepstone,-30.7414,30.455,77.83,76,16,2.57,ZA,1610606801
Hofn,64.2539,-15.2082,42.71,92,100,3.89,IS,1610606802
Kavieng,-2.5744,150.7967,84.65,72,57,14.05,PG,1610606803
Fortuna,40.5982,-124.1573,55.0,100,90,4.38,US,1610606804
Nioaque,-21.1353,-55.83,73.87,93,100,1.32,BR,1610606805
Qujing,25.4833,103.7833,58.62,40,6,5.75,CN,1610606806
Isla Vista,34.4133,-119.861,68.0,81,1,4.14,US,1610606577
Presidencia Roque Sáenz Peña,-26.7852,-60.4388,75.99,85,64,3.0,AR,1610606809
Kieta,-6.2167,155.6333,83.66,64,69,4.23,PG,1610606810
Shaoxing,30.011,120.5715,66.2,20,0,4.47,CN,1610606811
Sept-Îles,50.2001,-66.3821,23.0,93,100,3.44,CA,1610606812
Mount Gambier,-37.8333,140.7667,64.4,48,90,16.11,AU,1610606813
Okha,53.5739,142.9478,-4.49,87,100,14.05,RU,1610606814
Paamiut,61.994,-49.6678,21.38,94,60,4.76,GL,1610606815
Srandakan,-7.9386,110.2506,82.63,67,100,4.47,ID,1610606816
Nanlong,31.3533,106.0631,52.56,44,0,4.27,CN,1610606878
Olafsvik,64.8945,-23.7142,39.9,82,3,18.95,IS,1610606879
Hohhot,40.8106,111.6522,30.2,31,67,2.24,CN,1610606880
Kalabo,-14.97,22.6814,68.45,92,100,4.16,ZM,1610606881
Ochamchira,42.7121,41.4721,49.68,92,100,5.5,GE,1610606882
Ţahţā,26.7693,31.5021,59.0,44,0,3.44,EG,1610606771
Medeiros Neto,-17.3739,-40.2206,68.88,93,1,1.86,BR,1610606884
Dongsheng,39.8161,109.9776,32.11,68,9,25.26,CN,1610606885
Bariloche,-41.1456,-71.3082,53.6,66,0,6.91,AR,1610606888
Beloha,-25.1667,45.05,90.64,43,0,7.2,MG,1610606889
Tazmalt,36.3868,4.3989,40.08,75,0,2.08,DZ,1610606890
Taoudenni,22.6783,-3.9836,52.83,41,0,13.78,ML,1610606891
Emerald,-23.5333,148.1667,95.0,29,40,11.5,AU,1610606892
Astoria,46.1879,-123.8313,43.0,87,1,8.05,US,1610606893
Comodoro Rivadavia,-45.8667,-67.5,55.4,82,0,1.14,AR,1610606894
Palimbang,6.2106,124.1894,83.5,77,82,4.99,PH,1610606895
Raudeberg,61.9875,5.1352,25.0,74,0,8.05,NO,1610606896
Øksfjord,70.2396,22.3479,32.0,93,90,17.27,NO,1610606898
Cabadiangan,9.7531,122.4739,84.51,75,20,11.59,PH,1610606899
Coyhaique,-45.5752,-72.0662,46.0,85,96,4.83,CL,1610606883
Swan River,52.1058,-101.2676,30.2,93,100,9.22,CA,1610606901
Aksarka,66.5606,67.7975,-3.21,87,100,15.59,RU,1610606664
Homer,59.6425,-151.5483,37.0,80,20,4.61,US,1610606904
Port Hardy,50.6996,-127.4199,44.6,87,90,8.05,CA,1610606704
San Miguel de Tucumán,-26.8241,-65.2226,69.8,94,90,3.44,AR,1610606906
Manta,-0.95,-80.7333,78.8,78,90,6.91,EC,1610606907
Prince Rupert,54.3161,-130.3201,42.8,70,75,10.36,CA,1610606704
Pokrovskoye,47.4157,38.8971,30.99,86,100,8.99,RU,1610606910
Abu Dhabi,24.4667,54.3667,62.6,77,0,8.05,AE,1610606679
Bealanana,-14.55,48.7333,82.13,59,95,1.99,MG,1610606912
Salta,-24.7859,-65.4117,64.4,100,75,0.87,AR,1610606913
Esperance,-33.8667,121.9,69.8,43,100,21.85,AU,1610606914
Palmer,42.1584,-72.3287,32.0,74,90,4.61,US,1610606672
Te Anau,-45.4167,167.7167,68.0,60,0,4.74,NZ,1610606916
Valdez,1.2492,-78.9831,75.67,92,100,11.43,EC,1610606917
Mayor Pablo Lagerenza,-19.9309,-60.7718,73.87,97,100,5.3,PY,1610606918
Hobyo,5.3505,48.5268,79.2,67,98,21.9,SO,1610606919
Micheweni,-4.9667,39.8333,82.09,71,22,11.95,TZ,1610606920
Leh,34.1667,77.5833,18.41,40,100,1.54,IN,1610606922
Alfenas,-21.4292,-45.9472,64.92,98,100,2.28,BR,1610606923
Avera,33.194,-82.5271,37.4,87,1,5.75,US,1610606924
Chāndbāli,20.7833,86.7667,77.99,50,0,7.29,IN,1610606925
Bijapur,16.8333,75.7,84.61,32,0,10.11,IN,1610606926
Brigantine,39.4101,-74.3646,41.0,100,90,7.0,US,1610606927
Hong Kong,22.2855,114.1577,66.0,46,42,1.01,HK,1610606777
Chumikan,54.7183,135.315,-11.61,84,74,15.17,RU,1610606929
Trairi,-3.2778,-39.2689,78.3,79,100,8.34,BR,1610606930
Tătărani,45.0,25.2667,19.99,90,100,2.71,RO,1610606932
Daru,-9.0763,143.2092,83.84,81,100,8.66,PG,1610606993
Tateyama,34.9833,139.8667,59.0,44,0,4.61,JP,1610606994
Pouso Alegre,-22.23,-45.9364,64.6,95,100,1.25,BR,1610606995
Honningsvåg,70.9821,25.9704,33.8,86,90,18.41,NO,1610606996
Junction City,39.0286,-96.8314,46.4,61,1,4.61,US,1610606997
Baykit,61.67,96.37,2.77,87,100,11.72,RU,1610606998
Necochea,-38.5473,-58.7368,53.01,88,0,13.31,AR,1610606999
Turukhansk,65.8167,87.9833,-31.31,83,0,5.19,RU,1610607000
Auki,-8.7676,160.7034,82.92,73,98,4.52,SB,1610607003
Pangkalanbuun,-2.6833,111.6167,77.11,92,100,3.87,ID,1610606821
Ullapool,57.8987,-5.1604,37.99,49,100,10.0,GB,1610607008
Nelson Bay,-32.7167,152.15,95.0,31,0,8.05,AU,1610607009
Rocha,-34.4833,-54.3333,54.63,81,0,3.62,UY,1610607011
Bria,6.5423,21.9863,77.47,23,0,5.14,CF,1610607012
Asnæs,55.8123,11.5013,34.0,100,16,7.0,DK,1610607013
Port Lincoln,-34.7333,135.8667,63.46,56,0,16.67,AU,1610607014
Alofi,-19.0595,-169.9187,77.0,94,92,4.61,NU,1610607003
Marang,5.2056,103.2059,80.6,74,40,4.61,MY,1610607016
Lebedinyy,58.5167,125.5167,-26.14,79,28,5.17,RU,1610607017
Rudnogorsk,57.2639,103.7519,-7.49,90,100,13.09,RU,1610607018
Puerto Maldonado,-12.6,-69.1833,72.95,97,100,1.74,PE,1610607020
Paita,-5.0892,-81.1144,70.88,81,74,9.26,PE,1610607021
Santander,43.4647,-3.8044,44.6,76,75,10.36,ES,1610607022
Amahai,-3.3333,128.9167,85.26,70,100,4.85,ID,1610607023
Awjilah,29.1081,21.2869,53.64,66,0,19.04,LY,1610607024
Mazarrón,37.5992,-1.3149,37.99,80,0,6.91,ES,1610607025
Charagua,-19.8,-63.2167,65.86,92,58,3.18,BO,1610607026
Iracoubo,5.4802,-53.2011,76.32,87,4,10.42,GF,1610607027
Nara,34.6851,135.8049,59.0,50,20,10.36,JP,1610607030
Coahuayana Viejo,18.7333,-103.6833,76.14,46,99,2.55,MX,1610607031
Lima,-12.0432,-77.0282,68.0,88,0,8.05,PE,1610606975
Monteagudo,-19.8167,-63.9833,65.95,86,100,2.48,BO,1610607033
Narsaq,60.9167,-46.05,26.6,86,75,5.75,GL,1610607034
Cap-aux-Meules,47.3821,-61.8597,32.0,80,100,6.91,CA,1610607035
Jodhpur,26.2867,73.03,78.1,15,0,6.22,IN,1610607036
Wexford,52.3342,-6.4575,46.0,77,32,5.99,IE,1610607038
Calvinia,-31.4707,19.776,82.4,42,0,10.36,ZA,1610607039
Ambon City,-3.6954,128.1814,87.8,66,40,8.05,ID,1610607041
Kendari,-3.945,122.4989,87.01,67,68,4.21,ID,1610606782
Valle de Allende,26.9333,-105.4,41.38,59,0,5.37,MX,1610607044
Porto-Novo,6.4965,2.6036,78.8,94,40,2.3,BJ,1610607045
Buckeye,33.3703,-112.5838,51.01,21,50,2.17,US,1610607046
Kidal,18.4411,1.4078,66.74,24,0,7.78,ML,1610607048
Zarichne,51.8126,26.129,23.49,97,100,6.67,UA,1610607049
Kudahuvadhoo,2.6708,72.8944,82.17,78,93,17.11,MV,1610607051
Batagay,67.6333,134.6333,-44.81,70,58,1.5,RU,1610607112
Temascalcingo,19.9167,-100.0,51.85,64,100,3.11,MX,1610607113
Svetlaya,46.5389,138.3297,16.03,78,0,16.62,RU,1610607115
Port Macquarie,-31.4333,152.9167,89.01,81,8,5.01,AU,1610607116
Yar-Sale,66.8333,70.8333,4.3,91,100,13.42,RU,1610607117
Kalmunai,7.4167,81.8167,82.58,79,25,10.54,LK,1610606820
Chabahar,25.2919,60.643,71.01,32,0,1.32,IR,1610607018
Harper,4.375,-7.7169,77.32,83,100,4.41,LR,1610607120
Ayan,56.45,138.1667,-11.04,80,32,5.23,RU,1610607122
Santiago del Estero,-27.7951,-64.2615,73.99,90,96,1.99,AR,1610607124
Bonavista,48.6499,-53.1147,32.0,93,0,2.3,CA,1610607125
Geraldton,-28.7667,114.6,95.0,28,63,25.32,AU,1610607126
Klaksvík,62.2266,-6.589,41.0,81,20,20.71,FO,1610607127
Redmond,47.674,-122.1215,41.0,93,100,2.08,US,1610606858
Blacksburg,37.2296,-80.4139,26.6,86,1,3.29,US,1610607129
Panguiranan,12.0699,123.3185,79.11,84,100,17.05,PH,1610607130
Asău,46.4333,26.4,21.2,93,0,5.75,RO,1610607131
Tessalit,20.1986,1.0114,62.55,26,0,8.97,ML,1610607133
Natal,-5.795,-35.2094,78.8,78,40,5.75,BR,1610607106
Pisco,-13.7,-76.2167,68.0,83,0,10.36,PE,1610607135
Dongli,23.5656,116.8194,68.0,21,0,4.47,CN,1610607136
Cockburn Town,21.4612,-71.1419,77.41,70,2,17.98,TC,1610606913
Kloulklubed,7.0419,134.2556,86.0,70,75,9.22,PW,1610607138
Constitución,-35.3333,-72.4167,53.01,62,0,7.94,CL,1610607139
Santa Rosa,14.3122,121.1114,86.0,62,40,3.44,PH,1610607045
Outlook,51.5001,-107.0513,29.93,90,100,26.98,CA,1610607142
Muros,42.7762,-9.0603,45.0,84,100,3.0,ES,1610607143
Thunder Bay,48.4001,-89.3168,30.99,93,90,3.44,CA,1610607145
Roswell,34.0232,-84.3616,34.0,80,1,6.71,US,1610607146
Mlonggo,-6.5333,110.7,82.4,78,40,4.61,ID,1610607147
Gijang,35.2442,129.2139,57.2,17,0,6.91,KR,1610607148
Misratah,32.3754,15.0925,57.43,70,59,17.47,LY,1610607149
Bar Harbor,44.3876,-68.2039,37.99,69,90,3.44,US,1610607150
Popondetta,-8.7537,148.2534,85.08,73,100,4.7,PG,1610607152
Fernley,39.608,-119.2518,43.0,67,12,3.0,US,1610607153
Toro,4.6117,-76.0814,66.04,88,84,0.58,CO,1610607154
Barra Patuca,15.8,-84.2833,74.52,86,100,4.25,HN,1610607155
La Orilla,17.9833,-102.2333,74.71,56,59,3.2,MX,1610607156
Camacha,33.0833,-16.3333,55.4,71,40,9.22,PT,1610607157
Fort Nelson,58.8053,-122.7002,10.4,85,40,3.44,CA,1610607158
Boyolangu,-8.1181,111.8935,84.67,66,100,9.6,ID,1610607160
Kidodi,-7.6036,37.0044,82.4,70,39,2.13,TZ,1610607161
Sisimiut,66.9395,-53.6735,16.36,95,100,5.37,GL,1610607162
Poltavka,54.3663,71.7632,-15.0,87,0,4.45,RU,1610607164
Lüderitz,-26.6481,15.1594,68.41,72,57,4.5,NA,1610607165
Muhafazat Lahij,13.1667,44.5833,72.72,51,0,8.19,YE,1610607166
Moerai,-22.4333,-151.3333,79.56,80,0,14.2,PF,1610607228
Mandalgovi,45.7625,106.2708,6.71,88,100,15.7,MN,1610607229
Kolvereid,64.8655,11.6047,15.8,86,0,3.44,NO,1610607230
Nizhniy Kuranakh,58.8353,125.4869,-29.96,80,22,0.31,RU,1610607231
Shima,24.4478,117.8111,66.2,45,0,4.47,CN,1610607233
Salinópolis,-0.6136,-47.3561,78.69,84,92,11.25,BR,1610607234
Garden City,42.3256,-83.331,37.99,75,90,10.36,US,1610607237
Kruisfontein,-34.0033,24.7314,78.01,76,97,5.99,ZA,1610607238
Bellmead,31.594,-97.1089,48.0,66,1,11.5,US,1610607239
Kavaratti,10.5669,72.642,80.76,71,100,4.56,IN,1610607240
Dwārka,22.2394,68.9678,75.99,32,0,8.03,IN,1610607241
Dunedin,-45.8742,170.5036,64.09,70,12,6.69,NZ,1610607242
Mandera,3.9366,41.867,84.6,31,0,13.67,KE,1610607030
Maningrida,-12.0667,134.2667,89.6,67,100,9.75,AU,1610607244
Sitka,57.0531,-135.33,37.4,93,90,9.22,US,1610607091
Vila do Maio,15.1333,-23.2167,69.8,73,75,21.85,CV,1610607248
Saint-Félicien,48.6501,-72.4491,28.4,93,90,3.44,CA,1610607249
Santa Maria,-29.6842,-53.8069,62.4,84,15,10.36,BR,1610607214
Kul'dur,49.2167,131.6333,-6.65,86,81,4.81,RU,1610607251
Mahibadhoo,3.7833,72.9667,81.54,80,4,15.43,MV,1610607252
Nsanje,-16.92,35.262,80.15,89,100,0.43,MW,1610607253
Puerto Colombia,10.9878,-74.9547,75.2,88,20,3.44,CO,1610607254
Goundam,16.4145,-3.6708,62.64,27,0,11.07,ML,1610607255
Bloomfield,40.8068,-74.1854,39.2,75,40,3.11,US,1610607165
Khani,41.9563,42.9566,50.0,100,90,9.22,GE,1610607258
Bara,10.3744,10.7288,66.96,23,0,4.56,NG,1610607259
Yumen,40.2833,97.2,29.37,68,53,21.43,CN,1610607260
Viedma,-40.8135,-62.9967,66.99,68,100,1.01,AR,1610607261
Ol'ga,43.7444,135.2892,15.12,76,0,12.62,RU,1610607262
Cap Malheureux,-19.9842,57.6142,84.0,68,36,8.99,MU,1610607263
Waipawa,-41.4122,175.5153,71.01,77,20,8.05,NZ,1610607264
Elizabeth City,36.2946,-76.2511,39.99,100,1,4.0,US,1610607114
Bac Lieu,9.285,105.7244,78.76,68,61,11.56,VN,1610607266
Kaeo,-35.1,173.7833,73.0,73,26,8.99,NZ,1610607268
Wanning,18.8003,110.3967,69.26,58,55,8.77,CN,1610607269
Sikonge,-5.6333,32.7667,71.49,85,72,1.88,TZ,1610607270
Umluj,25.0213,37.2685,77.4,46,5,10.71,SA,1610607271
Trencin,48.8333,18.25,30.0,76,93,11.99,SK,1610607272
Aklavik,68.2191,-135.0107,-14.8,76,100,5.32,CA,1610607273
Port Keats,-14.25,129.55,87.98,71,100,9.4,AU,1610607274
High Rock,26.6208,-78.2833,66.2,94,90,3.44,BS,1610607275
Itarema,-2.9248,-39.9167,77.54,82,92,10.8,BR,1610607276
Half Moon Bay,37.4636,-122.4286,55.99,100,1,4.61,US,1610607278
Hagi,34.4,131.4167,60.01,50,20,4.61,JP,1610607279
Vardø,70.3705,31.1107,17.6,79,75,13.8,NO,1610607280
Buluang,13.3068,123.3425,76.66,91,100,6.8,PH,1610607281
Pierre,44.3683,-100.351,46.4,31,90,26.46,US,1610607342
Concepción del Oro,24.6333,-101.4167,39.78,61,100,1.57,MX,1610607343
Hamilton,39.1834,-84.5333,37.99,65,1,3.44,US,1610607132
Owando,-0.4819,15.8999,74.19,86,58,6.13,CG,1610607345
Poshekhon'ye,58.4993,39.1353,-8.84,90,100,12.8,RU,1610607346
Bambanglipuro,-7.95,110.2833,81.97,68,100,4.68,ID,1610607347
Belaya Gora,68.5333,146.4167,-30.66,84,100,5.59,RU,1610607349
Puerto Escondido,15.85,-97.0667,74.77,68,30,4.99,MX,1610607350
Bonthe,7.5264,-12.505,74.41,93,5,4.88,SL,1610607351
Lavrentiya,65.5833,-171.0,1.02,92,93,3.22,RU,1610607352
Indramayu,-6.3264,108.32,82.04,78,95,11.74,ID,1610607353
Chicama,-7.8447,-79.1469,69.89,82,100,5.3,PE,1610607356
Banjar,-8.19,114.9675,86.0,79,20,13.8,ID,1610607357
Juneau,58.3019,-134.4197,37.4,87,75,8.05,US,1610607170
Marabba,12.35,32.1833,80.47,24,4,11.21,SD,1610607359
Ugoofaaru,5.6667,73.0,80.87,73,100,3.04,MV,1610607361
Lusambo,-4.9667,23.45,75.15,82,100,1.59,CD,1610607362
Belmopan,17.25,-88.7667,71.01,73,88,3.94,BZ,1610607363
Tigil',57.8,158.6667,-0.62,90,99,6.22,RU,1610607364
Vredendal,-31.6683,18.5012,80.29,46,0,3.24,ZA,1610607365
Kolpashevo,58.3131,82.9089,-4.58,91,100,10.56,RU,1610607366
Yeppoon,-23.1333,150.7333,86.0,48,0,10.36,AU,1610607367
kimparana,12.8347,-4.9244,65.08,24,0,7.38,ML,1610607368
